{"loss": 0.06604348123073578, "_timestamp": 1767613781.982976, "_runtime": 90.9988169670105, "_step": 10}