{"loss": 0.0074372244998812675, "_timestamp": 1767613328.0500963, "_runtime": 269.1332902908325, "_step": 11, "_wandb": {"runtime": 292}}