{"loss": 0.06617916375398636, "_timestamp": 1767614319.2693334, "_runtime": 86.754878282547, "_step": 11, "_wandb": {"runtime": 147}}